{"d":"d","E":"ccc","EEEE":"cccc","LLL":"LLL","LLLL":"LLLL","M":"L","Md":"dd.MM","MEd":"dd.MM, EEE","MMM":"LLL","MMMd":"d MMM","MMMEd":"d MMM, EEE","MMMM":"LLLL","MMMMd":"d MMMM","MMMMEEEEd":"d MMMM, EEEE","QQQ":"QQQ","QQQQ":"QQQQ","y":"y","yM":"MM.y","yMd":"dd.MM.y","yMEd":"dd.MM.y, EEE","yMMM":"MMM y","yMMMd":"d MMM y","yMMMEd":"d MMM y, EEE","yMMMM":"MMMM y","yMMMMd":"d MMMM y","yMMMMEEEEd":"d MMMM y, EEEE","yQQQ":"y QQQ","yQQQQ":"y QQQQ","H":"HH","Hm":"HH:mm","Hms":"HH:mm:ss","j":"HH","jm":"HH:mm","jms":"HH:mm:ss","jmv":"HH:mm v","jmz":"HH:mm z","jz":"HH z","m":"m","ms":"mm:ss","s":"s","v":"v","z":"z","zzzz":"zzzz","ZZZZ":"ZZZZ"}