{"d":"d","E":"ccc","EEEE":"cccc","LLL":"LLL","LLLL":"LLLL","M":"L","Md":"d.MM","MEd":"EEE, d.MM","MMM":"MM","MMMd":"d.MM","MMMEd":"EEE, d.MM","MMMM":"LLLL","MMMMd":"d MMMM","MMMMEEEEd":"EEEE, d MMMM","QQQ":"QQQ","QQQQ":"QQQQ","y":"y 'г'.","yM":"MM.y 'г'.","yMd":"d.MM.y 'г'.","yMEd":"EEE, d.MM.y 'г'.","yMMM":"MM.y 'г'.","yMMMd":"d.MM.y 'г'.","yMMMEd":"EEE, d.MM.y 'г'.","yMMMM":"MMMM y 'г'.","yMMMMd":"d MMMM y 'г'.","yMMMMEEEEd":"EEEE, d MMMM y 'г'.","yQQQ":"QQQ y 'г'.","yQQQQ":"QQQQ y 'г'.","H":"H 'ч'.","Hm":"H:mm 'ч'.","Hms":"H:mm:ss 'ч'.","j":"H 'ч'.","jm":"H:mm 'ч'.","jms":"H:mm:ss 'ч'.","jmv":"HH:mm 'ч'. v","jmz":"HH:mm 'ч'. z","jz":"H 'ч'. z","m":"m","ms":"m:ss","s":"s","v":"v","z":"z","zzzz":"zzzz","ZZZZ":"ZZZZ"}