{"d":"d","E":"ccc","EEEE":"cccc","LLL":"LLL","LLLL":"LLLL","M":"L","Md":"d/M","MEd":"EEE, d/M","MMM":"LLL","MMMd":"d MMM","MMMEd":"EEE d 'de' MMM","MMMM":"LLLL","MMMMd":"d 'de' MMMM","MMMMEEEEd":"EEEE, d 'de' MMMM","QQQ":"QQQ","QQQQ":"QQQQ","y":"y","yM":"M/y","yMd":"d/M/y","yMEd":"EEE, d/M/y","yMMM":"MMMM 'de' y","yMMMd":"d 'de' MMMM 'de' y","yMMMEd":"EEE, d 'de' MMMM 'de' y","yMMMM":"MMMM 'de' y","yMMMMd":"d 'de' MMMM 'de' y","yMMMMEEEEd":"EEEE, d 'de' MMMM 'de' y","yQQQ":"QQQ y","yQQQQ":"QQQQ 'de' y","H":"HH","Hm":"H:mm","Hms":"H:mm:ss","j":"HH","jm":"H:mm","jms":"H:mm:ss","jmv":"HH:mm v","jmz":"HH:mm z","jz":"HH z","m":"m","ms":"mm:ss","s":"s","v":"v","z":"z","zzzz":"zzzz","ZZZZ":"ZZZZ"}