{"d":"d","E":"ccc","EEEE":"cccc","LLL":"LLL","LLLL":"LLLL","M":"L","Md":"MM-dd","MEd":"EEE, M-d","MMM":"LLL","MMMd":"MMM d","MMMEd":"EEE, d 'ta'’ MMM","MMMM":"LLLL","MMMMd":"d 'ta'’ MMMM","MMMMEEEEd":"EEEE, d 'ta'’ MMMM","QQQ":"QQQ","QQQQ":"QQQQ","y":"y","yM":"y-MM","yMd":"M/d/y","yMEd":"EEE, d/M/y","yMMM":"MMM y","yMMMd":"d 'ta'’ MMM, y","yMMMEd":"EEE, d 'ta'’ MMM, y","yMMMM":"MMMM y","yMMMMd":"d 'ta'’ MMMM y","yMMMMEEEEd":"EEEE, d 'ta'’ MMMM y","yQQQ":"QQQ - y","yQQQQ":"QQQQ - y","H":"HH","Hm":"HH:mm","Hms":"HH:mm:ss","j":"HH","jm":"HH:mm","jms":"HH:mm:ss","jmv":"HH:mm v","jmz":"HH:mm z","jz":"HH z","m":"m","ms":"mm:ss","s":"s","v":"v","z":"z","zzzz":"zzzz","ZZZZ":"ZZZZ"}