{"d":"d","E":"cccနေ့","EEEE":"ccccနေ့","LLL":"LLL","LLLL":"LLLL","M":"L","Md":"d/M","MEd":"d/M၊ EEE","MMM":"LLL","MMMd":"d MMM","MMMEd":"MMM d၊ EEE","MMMM":"LLLL","MMMMd":"MMMM d","MMMMEEEEd":"MMMM d ရက် EEEEနေ့","QQQ":"QQQ","QQQQ":"QQQQ","y":"y","yM":"M/y","yMd":"dd-MM-y","yMEd":"d/M/y၊ EEE","yMMM":"MMM y","yMMMd":"y၊ MMM d","yMMMEd":"y၊ MMM d၊ EEE","yMMMM":"y MMMM","yMMMMd":"y၊ d MMMM","yMMMMEEEEd":"y၊ MMMM d၊ EEEE","yQQQ":"y QQQ","yQQQQ":"y QQQQ","H":"HH","Hm":"HH:mm","Hms":"HH:mm:ss","j":"HH","jm":"HH:mm","jms":"HH:mm:ss","jmv":"v HH:mm","jmz":"z HH:mm","jz":"z HH","m":"m","ms":"mm:ss","s":"s","v":"v","z":"z","zzzz":"zzzz","ZZZZ":"ZZZZ"}