{"d":"d","E":"ccc","EEEE":"cccc","LLL":"LLL","LLLL":"LLLL","M":"L","Md":"dd.MM","MEd":"EEE, dd.MM","MMM":"LLL","MMMd":"d MMM","MMMEd":"ccc, d MMM","MMMM":"LLLL","MMMMd":"d MMMM","MMMMEEEEd":"cccc, d MMMM","QQQ":"QQQ","QQQQ":"QQQQ","y":"y","yM":"MM.y","yMd":"dd.MM.y","yMEd":"ccc, dd.MM.y 'г'.","yMMM":"LLL y 'г'.","yMMMd":"d MMM y 'г'.","yMMMEd":"EEE, d MMM y 'г'.","yMMMM":"LLLL y 'г'.","yMMMMd":"d MMMM y 'г'.","yMMMMEEEEd":"EEEE, d MMMM y 'г'.","yQQQ":"QQQ y 'г'.","yQQQQ":"QQQQ y 'г'.","H":"HH","Hm":"HH:mm","Hms":"HH:mm:ss","j":"HH","jm":"HH:mm","jms":"HH:mm:ss","jmv":"HH:mm v","jmz":"HH:mm z","jz":"HH z","m":"m","ms":"mm:ss","s":"s","v":"v","z":"z","zzzz":"zzzz","ZZZZ":"ZZZZ"}