{"d":"d","E":"ccc","EEEE":"cccc","LLL":"LLL","LLLL":"LLLL","M":"L","Md":"d/M","MEd":"d/M, EEE","MMM":"LLL","MMMd":"d MMM","MMMEd":"d MMM, EEE","MMMM":"LLLL","MMMMd":"d MMMM","MMMMEEEEd":"d MMMM, EEEE","QQQ":"QQQ","QQQQ":"QQQQ","y":"y","yM":"M/y","yMd":"d/M/y","yMEd":"d/M/y, EEE","yMMM":"MMM y","yMMMd":"d, MMM y","yMMMEd":"d MMM, y, EEE","yMMMM":"MMMM y","yMMMMd":"d MMMM, y","yMMMMEEEEd":"d, MMMM y, EEEE","yQQQ":"QQQ y","yQQQQ":"QQQQ y","H":"HH","Hm":"HH:mm","Hms":"HH:mm:ss","j":"h a","jm":"h:mm a","jms":"h:mm:ss a","jmv":"h:mm a v","jmz":"h:mm a z","jz":"h a z","m":"m","ms":"mm:ss","s":"s","v":"v","z":"z","zzzz":"zzzz","ZZZZ":"ZZZZ"}