[{"name":"uuid","qualifiedName":"uuid","href":"uuid/uuid-library.html","type":"library","overriddenDepth":0,"packageName":"uuid"},{"name":"Uuid","qualifiedName":"uuid.Uuid","href":"uuid/Uuid-class.html","type":"class","overriddenDepth":0,"packageName":"uuid","enclosedBy":{"name":"uuid","type":"library"}},{"name":"NAMESPACE_DNS","qualifiedName":"uuid.Uuid.NAMESPACE_DNS","href":"uuid/Uuid/NAMESPACE_DNS-constant.html","type":"constant","overriddenDepth":0,"packageName":"uuid","enclosedBy":{"name":"Uuid","type":"class"}},{"name":"NAMESPACE_NIL","qualifiedName":"uuid.Uuid.NAMESPACE_NIL","href":"uuid/Uuid/NAMESPACE_NIL-constant.html","type":"constant","overriddenDepth":0,"packageName":"uuid","enclosedBy":{"name":"Uuid","type":"class"}},{"name":"NAMESPACE_OID","qualifiedName":"uuid.Uuid.NAMESPACE_OID","href":"uuid/Uuid/NAMESPACE_OID-constant.html","type":"constant","overriddenDepth":0,"packageName":"uuid","enclosedBy":{"name":"Uuid","type":"class"}},{"name":"NAMESPACE_URL","qualifiedName":"uuid.Uuid.NAMESPACE_URL","href":"uuid/Uuid/NAMESPACE_URL-constant.html","type":"constant","overriddenDepth":0,"packageName":"uuid","enclosedBy":{"name":"Uuid","type":"class"}},{"name":"NAMESPACE_X500","qualifiedName":"uuid.Uuid.NAMESPACE_X500","href":"uuid/Uuid/NAMESPACE_X500-constant.html","type":"constant","overriddenDepth":0,"packageName":"uuid","enclosedBy":{"name":"Uuid","type":"class"}},{"name":"Uuid","qualifiedName":"uuid.Uuid.Uuid","href":"uuid/Uuid/Uuid.html","type":"constructor","overriddenDepth":0,"packageName":"uuid","enclosedBy":{"name":"Uuid","type":"class"}},{"name":"isValidOrThrow","qualifiedName":"uuid.Uuid.isValidOrThrow","href":"uuid/Uuid/isValidOrThrow.html","type":"method","overriddenDepth":0,"packageName":"uuid","enclosedBy":{"name":"Uuid","type":"class"}},{"name":"isValidUUID","qualifiedName":"uuid.Uuid.isValidUUID","href":"uuid/Uuid/isValidUUID.html","type":"method","overriddenDepth":0,"packageName":"uuid","enclosedBy":{"name":"Uuid","type":"class"}},{"name":"options","qualifiedName":"uuid.Uuid.options","href":"uuid/Uuid/options.html","type":"property","overriddenDepth":0,"packageName":"uuid","enclosedBy":{"name":"Uuid","type":"class"}},{"name":"parse","qualifiedName":"uuid.Uuid.parse","href":"uuid/Uuid/parse.html","type":"method","overriddenDepth":0,"packageName":"uuid","enclosedBy":{"name":"Uuid","type":"class"}},{"name":"parseAsByteList","qualifiedName":"uuid.Uuid.parseAsByteList","href":"uuid/Uuid/parseAsByteList.html","type":"method","overriddenDepth":0,"packageName":"uuid","enclosedBy":{"name":"Uuid","type":"class"}},{"name":"unparse","qualifiedName":"uuid.Uuid.unparse","href":"uuid/Uuid/unparse.html","type":"method","overriddenDepth":0,"packageName":"uuid","enclosedBy":{"name":"Uuid","type":"class"}},{"name":"v1","qualifiedName":"uuid.Uuid.v1","href":"uuid/Uuid/v1.html","type":"method","overriddenDepth":0,"packageName":"uuid","enclosedBy":{"name":"Uuid","type":"class"}},{"name":"v1buffer","qualifiedName":"uuid.Uuid.v1buffer","href":"uuid/Uuid/v1buffer.html","type":"method","overriddenDepth":0,"packageName":"uuid","enclosedBy":{"name":"Uuid","type":"class"}},{"name":"v1obj","qualifiedName":"uuid.Uuid.v1obj","href":"uuid/Uuid/v1obj.html","type":"method","overriddenDepth":0,"packageName":"uuid","enclosedBy":{"name":"Uuid","type":"class"}},{"name":"v4","qualifiedName":"uuid.Uuid.v4","href":"uuid/Uuid/v4.html","type":"method","overriddenDepth":0,"packageName":"uuid","enclosedBy":{"name":"Uuid","type":"class"}},{"name":"v4buffer","qualifiedName":"uuid.Uuid.v4buffer","href":"uuid/Uuid/v4buffer.html","type":"method","overriddenDepth":0,"packageName":"uuid","enclosedBy":{"name":"Uuid","type":"class"}},{"name":"v4obj","qualifiedName":"uuid.Uuid.v4obj","href":"uuid/Uuid/v4obj.html","type":"method","overriddenDepth":0,"packageName":"uuid","enclosedBy":{"name":"Uuid","type":"class"}},{"name":"v5","qualifiedName":"uuid.Uuid.v5","href":"uuid/Uuid/v5.html","type":"method","overriddenDepth":0,"packageName":"uuid","enclosedBy":{"name":"Uuid","type":"class"}},{"name":"v5buffer","qualifiedName":"uuid.Uuid.v5buffer","href":"uuid/Uuid/v5buffer.html","type":"method","overriddenDepth":0,"packageName":"uuid","enclosedBy":{"name":"Uuid","type":"class"}},{"name":"v5obj","qualifiedName":"uuid.Uuid.v5obj","href":"uuid/Uuid/v5obj.html","type":"method","overriddenDepth":0,"packageName":"uuid","enclosedBy":{"name":"Uuid","type":"class"}},{"name":"UuidValue","qualifiedName":"uuid.UuidValue","href":"uuid/UuidValue-class.html","type":"class","overriddenDepth":0,"packageName":"uuid","enclosedBy":{"name":"uuid","type":"library"}},{"name":"operator ==","qualifiedName":"uuid.UuidValue.==","href":"uuid/UuidValue/operator_equals.html","type":"method","overriddenDepth":1,"packageName":"uuid","enclosedBy":{"name":"UuidValue","type":"class"}},{"name":"UuidValue","qualifiedName":"uuid.UuidValue.UuidValue","href":"uuid/UuidValue/UuidValue.html","type":"constructor","overriddenDepth":0,"packageName":"uuid","enclosedBy":{"name":"UuidValue","type":"class"}},{"name":"equals","qualifiedName":"uuid.UuidValue.equals","href":"uuid/UuidValue/equals.html","type":"method","overriddenDepth":0,"packageName":"uuid","enclosedBy":{"name":"UuidValue","type":"class"}},{"name":"UuidValue.fromByteList","qualifiedName":"uuid.UuidValue.fromByteList","href":"uuid/UuidValue/UuidValue.fromByteList.html","type":"constructor","overriddenDepth":0,"packageName":"uuid","enclosedBy":{"name":"UuidValue","type":"class"}},{"name":"UuidValue.fromList","qualifiedName":"uuid.UuidValue.fromList","href":"uuid/UuidValue/UuidValue.fromList.html","type":"constructor","overriddenDepth":0,"packageName":"uuid","enclosedBy":{"name":"UuidValue","type":"class"}},{"name":"hashCode","qualifiedName":"uuid.UuidValue.hashCode","href":"uuid/UuidValue/hashCode.html","type":"property","overriddenDepth":0,"packageName":"uuid","enclosedBy":{"name":"UuidValue","type":"class"}},{"name":"toBytes","qualifiedName":"uuid.UuidValue.toBytes","href":"uuid/UuidValue/toBytes.html","type":"method","overriddenDepth":0,"packageName":"uuid","enclosedBy":{"name":"UuidValue","type":"class"}},{"name":"toString","qualifiedName":"uuid.UuidValue.toString","href":"uuid/UuidValue/toString.html","type":"method","overriddenDepth":1,"packageName":"uuid","enclosedBy":{"name":"UuidValue","type":"class"}},{"name":"uuid","qualifiedName":"uuid.UuidValue.uuid","href":"uuid/UuidValue/uuid.html","type":"property","overriddenDepth":0,"packageName":"uuid","enclosedBy":{"name":"UuidValue","type":"class"}},{"name":"ValidationMode","qualifiedName":"uuid.ValidationMode","href":"uuid/ValidationMode.html","type":"enum","overriddenDepth":0,"packageName":"uuid","enclosedBy":{"name":"uuid","type":"library"}},{"name":"toString","qualifiedName":"uuid.ValidationMode.toString","href":"uuid/ValidationMode/toString.html","type":"method","overriddenDepth":0,"packageName":"uuid","enclosedBy":{"name":"ValidationMode","type":"enum"}},{"name":"uuid_util","qualifiedName":"uuid_util","href":"uuid_util/uuid_util-library.html","type":"library","overriddenDepth":0,"packageName":"uuid"},{"name":"UuidUtil","qualifiedName":"uuid_util.UuidUtil","href":"uuid_util/UuidUtil-class.html","type":"class","overriddenDepth":0,"packageName":"uuid","enclosedBy":{"name":"uuid_util","type":"library"}},{"name":"UuidUtil","qualifiedName":"uuid_util.UuidUtil.UuidUtil","href":"uuid_util/UuidUtil/UuidUtil.html","type":"constructor","overriddenDepth":0,"packageName":"uuid","enclosedBy":{"name":"UuidUtil","type":"class"}},{"name":"cryptoRNG","qualifiedName":"uuid_util.UuidUtil.cryptoRNG","href":"uuid_util/UuidUtil/cryptoRNG.html","type":"method","overriddenDepth":0,"packageName":"uuid","enclosedBy":{"name":"UuidUtil","type":"class"}},{"name":"mathRNG","qualifiedName":"uuid_util.UuidUtil.mathRNG","href":"uuid_util/UuidUtil/mathRNG.html","type":"method","overriddenDepth":0,"packageName":"uuid","enclosedBy":{"name":"UuidUtil","type":"class"}}]
